{"behaviour":{"useGrid":true,"allowRetry":true},"lookNFeel":{"themeColor":"#ffffff","cardBack":{"path":"images/image-0Ttlm0J0.jpg","mime":"image/jpeg","copyright":{"license":"U"},"width":4000,"height":4000}},"l10n":{"cardTurns":"Giros realizados.","timeSpent":"Tiempo","feedback":"¡Preparado para tu ENARM!","tryAgain":"¿Volver a intentarlo?","closeLabel":"Cerrar","label":"Memorama de imagenes. Encuentra las cartas que corresponden a sus signos.","done":"Todas las cartas han sido encontradas.","cardPrefix":"Tarjeta %num:","cardUnturned":"Sin voltear.","cardMatched":"Coincidencia encontrada."},"cards":[{"image":{"path":"images/image-BCw5h5ZE.png","mime":"image/png","copyright":{"license":"U"},"width":600,"height":600},"imageAlt":"Vólvulo sigmoideo","audio":[{"path":"audios/audio-hCJkMMXE.mp3","mime":"audio/mpeg","copyright":{"license":"U"}}],"description":"El vólvulo sigmoideo produce un aspecto característico de tubo interno doblado o grano de café.","match":{"path":"images/image-LVbXSTm6.jpeg","mime":"image/jpeg","copyright":{"license":"U"},"width":4000,"height":4000}},{"image":{"path":"images/image-lXhVVU9j.png","mime":"image/png","copyright":{"license":"U"},"width":600,"height":600},"imageAlt":"Obstrucción intestinal","audio":[{"path":"audios/audio-yKIANtZB.mp3","mime":"audio/mpeg","copyright":{"license":"U"}}],"description":"Se caracteriza por asas de intestino delgado dilatadas., niveles hidroaereo en las radiografías con el paciente de pie y escasez de aire en el colon.","match":{"path":"images/image-isZm8Lv1.jpeg","mime":"image/jpeg","copyright":{"license":"U"},"width":4000,"height":4000}},{"image":{"path":"images/image-uabl371c.jpg","mime":"image/jpeg","copyright":{"license":"U"},"width":427,"height":428},"imageAlt":"Colitis pseudomembranosa","audio":[{"path":"audios/audio-YBRM4t80.mp3","mime":"audio/mpeg","copyright":{"license":"U"}}],"description":"La colonoscopia revela placas amarillas adherentes características, que varían en diámetro de 2 a 10 mm.","match":{"path":"images/image-FPlpumRU.jpeg","mime":"image/jpeg","copyright":{"license":"U"},"width":4000,"height":4000}},{"image":{"path":"images/image-bRukegji.jpg","mime":"image/jpeg","copyright":{"license":"U"},"width":281,"height":281},"imageAlt":"Absceso hepático piógeno","audio":[{"path":"audios/audio-0OWGXdKa.mp3","mime":"audio/mpeg","copyright":{"license":"U"}}],"description":"Pequeñas lesiones focales hipodensas coalesciendo para formar un absceso de mayor tamaño.","match":{"path":"images/image-u7TPiigS.jpeg","mime":"image/jpeg","copyright":{"license":"U"},"width":4000,"height":4000}},{"image":{"path":"images/image-1VNYjwiO.png","mime":"image/png","copyright":{"license":"U"},"width":941,"height":835},"imageAlt":"Absceso hepático amebiano","audio":[{"path":"audios/audio-xNt02Tpr.mp3","mime":"audio/mpeg","copyright":{"license":"U"}}],"description":"Presenta lesiones focales hepáticas bien delimitadas, hipodensas, con paredes gruesas y halo externo hipodenso.","match":{"path":"images/image-KJuTrh1B.jpeg","mime":"image/jpeg","copyright":{"license":"U"},"width":4000,"height":4000}},{"image":{"path":"images/image-wh4YA0gs.jpg","mime":"image/jpeg","copyright":{"license":"U"},"width":235,"height":235},"imageAlt":"Neurocisticercosis","audio":[{"path":"audios/audio-vALdkcGR.mp3","mime":"audio/mpeg","copyright":{"license":"U"}}],"description":"Neurocisticercosis en fase vesicular vista desde resonancia magnética.","match":{"path":"images/image-INP3CBcV.jpeg","mime":"image/jpeg","copyright":{"license":"U"},"width":4000,"height":4000}}]}